,hwa_filterbank,hwa_filterbank_spm,hwa_filterbank_uncached,tacle_filterbank,tacle_filterbank_spm,tacle_filterbank_uncached
,108657.0,108635.0,108663.0,40083696.0,39612469.0,49876478.0
,hwa_filterbank,hwa_filterbank_spm,hwa_filterbank_uncached,tacle_filterbank,tacle_filterbank_spm,tacle_filterbank_uncached
,27886.0,19635.0,47603.0,0.0,0.0,0.0
,hwa_filterbank,hwa_filterbank_spm,hwa_filterbank_uncached,tacle_filterbank,tacle_filterbank_spm,tacle_filterbank_uncached
,136543.0,128270.0,156266.0,40083696.0,39612469.0,49876478.0
